"start","end","text"
"1220","3400"," Chers étudiants et étudiantes, bonjour."
"3680","6740"," On va entamer une série de chapitres qui"
"6740","9220"," tournent autour de l'exploration d'un certain"
"9220","12360"," nombre de glandes endocrines et qui sont surtout"
"12360","15920"," sous l'emprise de l'axe hypothalamo-hypophysaire,"
"16040","18960"," qui sont la thyroïde, la cortico-surrénale et"
"18960","22440"," les gonades femelles et mâles, c'est-à "
"22440","24680","-dire les ovaires et les testicules."
"24680","28280"," Pour aujourd'hui, on va étudier l'exploration"
"28280","31680"," de la glande thyroïde au laboratoire de biochimie"
"31680","32160"," clinique. "
"32900","35320"," C'est une exploration qui est de pratique"
"35320","38900"," courante au niveau d'un laboratoire de biologie"
"38900","45040"," médicale, puisque les dysthyroïdes sont des situations cliniques"
"45040","49500"," qui sont très fréquentes et qui nécessitent justement,"
"49820","53680"," en plus d'une exploration par imagerie médicale,"
"53680","58020"," une demande d'un certain nombre d'examens"
"58020","58680"," biologiques."
"60380","64280"," La thyroïde est une glande endocrine dont la"
"64280","68160"," fonction spécifique est de synthétiser et de sécréter"
"68160","70860"," d'abord la calcitonine, qui est une hormone"
"70860","74360"," hypocalcémiote-hypophosphatémiote, que l'on a déjà vue"
"74360","78860"," dans le chapitre de l'exploration du métabolisme"
"78860","82840"," phosphocasique, et également des hormones iodées."
"83260","86760"," On en dénombre deux, la thyroxine ou la"
"86760","91440"," tetraiodothyronine, qu'on va appeler communément T4, et"
"91440","93800"," la triiodothyronine ou T3. "
"95180","98100"," Donc T3 et T4 vont jouer un rôle"
"98100","100260"," très très important au niveau de l'organisme,"
"100800","104040"," puisqu'ils sont indispensables à la croissance cellulaire"
"104040","105920"," depuis la vie fœtale et jusqu'à l "
"105920","109100","'âge adulte, et ils vont jouer également un"
"109100","112720"," rôle très très important dans la thermogénèse et"
"112720","114320"," dans la synthèse protéique."
"115860","118020"," Au terme de ce chapitre, vous devez être"
"118020","122060"," capable de préciser les formes circulantes ou de"
"122060","126780"," transport des hormones thyroïdiennes avec leurs proportions relatives,"
"127360","130860"," et les protéines qui sont responsables de ce"
"130860","132600"," transport au niveau sanguin."
"132600","136600"," Citer les facteurs intervenant dans la régulation lente"
"136600","139000"," et rapide de biosynthèse et de sécrétion des"
"139000","141280"," hormones thyroïdiennes, et leurs modes d'action. "
"142240","145820"," Énumérer les différents paramètres de l'exploration et"
"145820","146640"," leurs intérêts."
"147380","151180"," Préciser la stratégie d'exploration pour le diagnostic"
"151180","153100"," et la surveillance des dysthyroïdies."
"153640","156780"," Et enfin décrire la simbiologie biochimique de l "
"156780","159640","'hypothyroïdie et de l'hyperthyroïdie. "
"160400","162200"," Pour le plan que l'on va suivre"
"162200","164440"," pour ce chapitre, tout d'abord on va"
"164440","167060"," faire un aperçu sur la biosynthèse des hormones"
"167060","170080"," thyroïdiennes avec leurs régulations."
"170760","173840"," On enchaînera par l'étude des paramètres à"
"173840","178140"," explorer lors de la suspicion d'une dysthyroïdie."
"178700","182140"," Et on terminera par la simbiologie biochimique des"
"182140","184600"," hypothyroïdies et des hyperthyroïdies. "
"185420","188260"," Pour le métabolisme des hormones thyroïdiennes, on va"
"188260","191920"," juste rappeler quelques données intéressantes."
"192860","196000"," Pour tout complément d'informations, je vous renvoie"
"196000","198560"," à votre cours de physiologie endocrinienne."
"200060","202800"," Pour rappel, sur le plan anatomique, la thyroïde"
"202800","204620"," est une glande de petite taille de 25"
"204620","206300"," à 30 grammes qui est située à la"
"206300","207480"," base inférieure du cou. "
"208000","210420"," Elle est non visible et discrètement palpable."
"210420","215980"," Elle est constituée par deux lobes réunis par"
"215980","218860"," un isme, comme sur la photo."
"219520","221580"," C'est un organe qui est compact et"
"221580","225140"," très vascularisé, entouré par une capsule fibreuse. "
"225880","228300"," Sur le plan histologique, elle est constituée par"
"228300","231540"," la juxtaposition de structures plus ou moins sphériques,"
"231880","235240"," comme ici sur ce schéma, et qui constituent"
"235240","237020"," les follicules thyroïdiennes."
"237300","240460"," Ce sont les unités fonctionnelles élémentaires."
"240880","245060"," Donc, un follicule est constitué par une couche"
"245060","248020"," de cellules épithériales qu'on appelle les thyroïdes,"
"248160","253640"," qui entourent une substance colloïdale, constituée principalement par"
"253640","257140"," une glycoprotéine qu'on appelle la thyroglobuline. "
"260700","264860"," Les hormones thyroïdiennes sont synthétisés à partir d "
"264860","267000","'un acide aminé, la thyrosine, qui est un"
"267000","270120"," acide aminé aromatique, et qui est le principal"
"270120","272760"," acide aminé qui entre dans la synthèse de"
"272760","277260"," la thyroglobuline, contenue dans la substance colloïdale des"
"277260","278000"," follicules."
"278580","280860"," La synthèse des hormones thyroïdiennes va se faire"
"280860","284680"," en plusieurs étapes, dont cinq principales, qui sont"
"284680","288120"," la captation des iodures circulant par la glande,"
"288120","291760"," l'oxydation des iodures en iodes, l'incorporation"
"291760","294640"," de l'iode aux résidus de thyrosine, l "
"294640","300460","'association des dérivés iodothyrosines entre eux, et enfin"
"300460","303240"," la libération des hormones à partir de la"
"303240","306000"," thyroglobuline dans la circulation sanguine."
"308050","313870"," Ce schéma illustre les principales étapes qui permettent"
"313870","315890"," la synthèse et la sécrétion des hormones thyroïdiennes,"
"315890","319910"," à commencer par les substances qui sont indispensables"
"319910","321330"," à cette synthèse, c'est-à-dire les"
"321330","323810"," acides aminés, qui vont, à partir de la"
"323810","329450"," circulation sanguine, être internalisés au niveau du thyroïde,"
"329710","333050"," qui est la cellule responsable de cette synthèse,"
"334230","336030"," et donc qui vont entrer dans la synthèse"
"336030","338390"," de la thyroglobuline, qui est par la suite"
"338390","343050"," stockée au niveau de la substance colloïde. "
"343050","346330"," Il y a également les iodures qui sont"
"346330","349490"," captées par les thyriocytes, mais qui nécessitent un"
"349490","352210"," transporteur qu'on appelle le simple porteur à"
"352210","356530"," sodium iodure, et qui nécessite une activation par"
"356530","357670"," la TSH."
"358490","366850"," Donc une fois captées par les thyriocytes, les"
"366850","371610"," iodures vont être rapidement organisées, oxydées, sous l "
"371610","373930","'action d'une peroxydase, qui est elle-même"
"373930","376350"," activée par la TSH."
"378230","383090"," Donc une fois oxydées, les iodures vont être"
"383090","387190"," fixées sur des résidus tyrosines, au niveau de"
"387190","390630"," la thyroglobuline, pour former deux dérivés, le mono "
"390630","393310","-iodotyrosine et le di-iodotyrosine. "
"393810","397750"," Dans une seconde étape, les résidus mit-édites"
"397750","399950"," vont se condenser entre eux pour former la"
"399950","402630"," T3, ou bien deux résidus dites vont se"
"402630","405150"," condenser entre eux pour former la T4."
"405650","408690"," T3 et T4 vont être recaptés par le"
"408690","412690"," thyriocyte par endocytose, et vont être stockés sous"
"412690","415230"," des phagolisosomes."
"416350","419310"," Et par la suite, un clivage de la"
"419310","424810"," thyroglobuline va permettre de libérer ces hormones, ainsi"
"424810","428010"," que leurs dérivés, leurs précurseurs, c'est-à "
"428010","429070","-dire les mit-édites. "
"429070","432350"," T3 et T4 vont être déversés dans la"
"432350","434350"," circulation sanguine en cas de besoin."
"434790","438190"," Les résidus mit-édites vont être recyclés pour"
"438190","441170"," servir à une nouvelle synthèse de des hormones"
"441170","442290"," thyroïdiennes."
"442790","444210"," Il y a juste une précision, c'est"
"444210","447730"," que les iodures vont avoir une attraction vis "
"447730","449570","-à-vis de la glande thyroïde, de manière"
"449570","453830"," que la concentration intra-thyroïdienne en iodure est"
"453830","456890"," 20 à 40 fois plus importante que niveau"
"456890","457230"," plasmatique. "
"457230","460170"," La TSH va jouer un rôle très très"
"460170","461870"," important dans cette synthèse."
"462410","464650"," Elle va se fixer sur le thyriocyte via"
"464650","468130"," un récepteur, et cette fixation va permettre d "
"468130","470930","'une part l'activation du transport de l "
"470930","474930","'iode, l'activation de la peroxidase, et également"
"474930","479370"," l'activation de cette proteolyse de la thyroglobuline"
"479370","483230"," qui va permettre la libération des hormones thyroïdiennes"
"483770","486470"," et leur sécrétion dans la circulation sanguine."
"489140","491540"," Si on s'intéresse un petit peu aux"
"491540","495520"," molécules, aux structures moléculaires et aux réactions, on"
"495520","498460"," est en présence d'une molécule de thyrosine"
"498460","500900"," qui est fixée sur la molécule de thyroglobuline. "
"500980","502640"," La thyrosine c'est un acide aminé qui"
"502640","506740"," est caractérisé par la présence d'un groupement"
"506740","507320"," phénol."
"508040","511120"," Le groupement benzénique est numéroté de 1 à"
"511120","514620"," 6 et le groupement hydroxyde se trouve en"
"514620","515400"," position 4."
"515400","518740"," Cette molécule qui est fixée sur la thyroglobuline"
"518740","523640"," au niveau de la substance colloïdale des follicules"
"523640","527620"," thyroïdiennes est prête à fixer un atome d "
"527620","529740","'iode et cet atome d'iode va se"
"529740","532420"," fixer en position 3 pour donner le 3 "
"532420","535220","-amide au 3-mono-iodothyrosine."
"536440","539580"," Donc ce 3-mono-iodothyrosine est prêt à"
"539580","541820"," fixer un autre atome d'iode et cette"
"541820","545700"," fois c'est en position 5 pour aboutir"
"545700","548200"," à la formation d'un deuxième résidu, le"
"548200","550060"," 3-5-di-iodothyrosine. "
"551060","556200"," Donc un résidu mono-iodothyrosine peut se condenser"
"556200","559860"," à un deuxième résidu di-iodothyrosine pour former"
"559860","563380"," le premier type d'hormone thyroïdien qui est"
"563380","566460"," la 3-5-3-prim-pré-iodothyronine."
"567820","570920"," Donc les atomes d'iode sont positionnés en"
"570920","573920"," 3, en position 3-5 et en position"
"573920","578540"," 3-prim pour former cet hormone-là."
"579400","585480"," Donc deux résidus dits 3-5-di-iodothyrosine"
"585480","589660"," peuvent également se condenser pour former le deuxième"
"589660","592940"," type d'hormone thyroïdien qui est la T4 "
"592940","595740","-O-3-5-3-prim-5-prim-tétra "
"595740","596640","-iodothyronine. "
"597440","600400"," Donc il faut savoir que 100% de"
"600400","603540"," la T4 provient d'une synthèse au niveau"
"603540","605340"," des thériocytes, c'est-à-dire au niveau"
"605340","607020"," de la glande thyroïdienne."
"607660","610300"," Par contre, pour la T3, on ne va"
"610300","612880"," assister à la formation que de 20%"
"612880","615180"," au niveau de la glande."
"615340","619020"," Le reste va provenir d'une désiodation périphérique"
"619020","623460"," de la T4 qui va perdre un atome"
"623460","627080"," d'iode en position 5-prim et donc"
"627080","629940"," donner l'hormone T3. "
"630480","632700"," Donc l'hormone T3 qui est l'hormone"
"632700","636160"," effectivement active biologiquement."
"637660","640360"," Donc très accessoirement, il peut y avoir une"
"640360","645040"," transformation de la T4 en T3-révers, c "
"645040","647540","'est-à-dire que l'iode qui va"
"647540","650800"," être libérée, elle va être libérée à partir"
"650800","652400"," de la position 5 et non pas de"
"652400","655100"," 5-prim, sachant que la T3-révers est"
"655100","658140"," une hormone qui est totalement inactive."
"663660","666340"," Après s'écrissant dans la circulation sanguine, les"
"666340","669980"," hormones thyroïdiennes vont circuler sous forme liée à"
"669980","670800"," des protéines. "
"671300","675360"," La principale protéine responsable de ce transport, c "
"675360","679040","'est une protéine spécifique des hormones thyroïdiennes qu "
"679040","683140","'on appelle la thyroxine bendine globuline, suivie d "
"683140","687360","'une faible proportion qui est fixée sur l "
"687360","687880","'albumine."
"688020","693160"," Ensuite, 10% de ces hormones est fixée"
"693160","695840"," sur la trans-thyroïdine qu'on appelle également"
"695840","696860"," la préalbumine."
"697660","700740"," Une toute petite fraction va circuler sous forme"
"700740","701140"," libre. "
"702380","704360"," Il s'agit de 0,03% en"
"704360","707620"," ce qui concerne la T4 et qu'on"
"707620","710790"," appelle dès lors T4 libre ou fli T4"
"710790","715090"," et qui"
"715090","723890"," reste la fraction biologiquement active."
"725070","728570"," La synthèse et la sécrétion des hormones thyroïdiennes"
"728570","731730"," est sous un contrôle hypothalamo-hypophysaire."
"732510","736510"," Un facteur, la TRH ou thyriolibérine, est sécrétée"
"736510","737650"," par l'hypothalamus. "
"738210","740770"," Elle va agir sur l'hypophyse pour la"
"740770","740870"," sécrétion des hormones thyroïdiennes."
"740870","743730"," Il y a une sécrétion d'un facteur"
"743730","748870"," hypothalamo-hypophysaire, la TSH ou thyriostimuline, laquelle va"
"748870","751770"," agir sur la glande thyroïde pour la synthèse"
"751770","754770"," et la sécrétion de la T3 et la"
"754770","755310"," T4."
"755850","759590"," En fait, la TSH va agir en augmentant"
"759590","763170"," l'activité atépéasique qui permet la captation des"
"763170","764090"," ions iodure. "
"764630","767230"," Elle va augmenter la synthèse de la thyroglobuline."
"767230","770750"," Elle va stimuler également l'activité de la"
"770750","773690"," peroxidase et des protéases qui sont responsables de"
"773690","777050"," la libération des hormones T3 et T4 à"
"777050","778470"," partir de la thyroglobuline."
"779350","781810"," La T3 et T4, une fois qu'ils"
"781810","785270"," vont arriver à une certaine concentration, vont exercer"
"785270","790090"," un effet de rétrocontrôle négatif au feedback sur"
"790090","794230"," la sécrétion de la TSH hypothalamique et sur"
"794230","796690"," la TRH hypothalamique. "
"800130","804410"," À côté de cette régulation dite lente exercée"
"804410","808810"," par l'axe hypothalamo-hypophysaire, on va avoir"
"808810","812150"," une autre régulation exercée par l'apport en"
"812150","816130"," iodes et qui va moduler l'activité de"
"816130","816890"," la TSH."
"817550","820510"," En effet, la carence en iodes entraîne une"
"820510","824670"," diminution de la synthèse des hormones thyroïdiennes, ce"
"824670","827710"," qui va se manifester par une hypothyroïdie."
"828490","832150"," Un apport excessif en iodes provoque à la"
"832150","834950"," langue un blocage de la biosynthèse des hormones"
"834950","835850"," thyroïdiennes. "
"836290","837410"," C'est ce qu'on appelle l'effet"
"837410","838430"," Wolf-Chekhov."
"839190","839870"," Pourquoi?"
"840070","842530"," Parce que l'iodure à la langue va"
"842530","848830"," exercer une inhibition sur son oxydation en iodes"
"848830","853710"," organiques et également sur la réaction de protéolyses"
"853710","855130"," de la thyroglobuline."
"855850","858230"," C'est un effet qui est parfois recherché"
"858230","861750"," pour éviter une intoxication radioactive par l'iode"
"861750","867590"," 131, surtout chez les soldats qui sont dans"
"867590","872170"," des zones à risque d'irradiation nucléaire. "
"875010","878710"," Les hormones thyroïdiennes jouent beaucoup de rôles biologiques."
"879110","883810"," Elles ont des effets physiologiques en augmentant le"
"883810","887470"," nombre de mitochondries et vont agir sur la"
"887470","889970"," synthèse de nombreuses enzymes."
"891090","892990"," Tout d'abord, elles vont avoir une action"
"892990","896550"," sur le développement, sur l'oxyfication et la"
"896550","898990"," maturation du cerveau dès l'âge foetal. "
"899630","903170"," On va s'apercevoir dès la naissance, en"
"903170","905590"," cas de déficit en ces hormones, d'un"
"905590","908570"," retard mental et d'un anisme désharmonieux, comme"
"908570","910430"," il apparaît sur l'image de droite."
"911410","913830"," Elles vont avoir une action sur tous les"
"913830","916510"," métabolismes, à commencer par la thermogénèse, elles vont"
"916510","918490"," augmenter la consommation de l'oxygène et la"
"918490","919710"," production de la chaleur."
"920390","923510"," Sur les glucides, elles vont augmenter la glycogénèse. "
"923810","926730"," Sur les lipides, elles vont diminuer la synthèse"
"926730","931410"," du cholestérol et augmenter la lipolyse et également"
"931410","933350"," sur la synthèse des protéines."
"934030","936890"," Au niveau du système nerveux central, elles vont"
"936890","940050"," potentialiser les effets des catécholamines au niveau cardiaque"
"940050","942250"," et en cas d'excès de hormones thyroïdiennes,"
"942370","944950"," on va s'apercevoir d'une accélération du"
"944950","947250"," rythme cardiaque, ce qu'on appelle une tachycardie."
"947750","950430"," Au niveau musculaire, elles vont augmenter l'excitabilité"
"951130","953990"," des muscles et au niveau digestif, on va"
"953990","958570"," s'apercevoir d'une accélération du transit intestinal. "
"960560","962820"," Nous arrivons à la deuxième partie de ce"
"962820","967440"," chapitre pour étudier les paramètres à explorer lors"
"967440","969460"," de suspicions de dysthyroïdies."
"969640","972180"," Il faut reconnaître qu'il y a beaucoup"
"972180","975880"," d'évolutions dans ce domaine et plus ou"
"975880","978960"," moins l'exploration de la glande thyroïde est"
"978960","981600"," plus ou moins carrée, donc on va avoir"
"981600","984760"," à faire un certain nombre de paramètres à"
"984760","985960"," étudier, à doser."
"986860","989720"," Quelquefois, et c'est de plus en plus"
"989720","991720"," rare, on peut avoir à faire des tests"
"991720","994120"," dynamiques, c'est-à-dire on va essayer"
"994120","996020"," de voir ce qui se passe en cas"
"996020","999600"," de doute au niveau hypothalamique, au niveau hypophysaire. "
"1002050","1004850"," L'exploration statique consiste à faire un certain"
"1004850","1008390"," nombre de tests, à commencer par le dosage"
"1008390","1011870"," de la TSH en première intention lorsqu'on"
"1011870","1013290"," suspect une dysthyroïdie."
"1013890","1016170"," Lorsque la TSH est normale, il n'y"
"1016170","1019570"," a pas lieu de la refaire ou de"
"1019570","1021670"," refaire les autres tests."
"1022450","1025190"," En deuxième intention, on va faire le dosage"
"1025190","1027390"," de la FT4 et de la FT3, c "
"1027390","1030790","'est-à-dire les fractions libres de la"
"1030790","1035170"," T4 et de la T3, surtout pour spécifier"
"1035170","1038030"," est-ce que la dysthyroïdie est d'origine"
"1038030","1040130"," périphérique ou centrale. "
"1041349","1045369"," Pour faire un diagnostic étiologique, on va avoir"
"1045369","1048310"," besoin de faire des anticorps antithyroïdiens."
"1048870","1052870"," Parfois, on peut faire d'autres tests, surtout"
"1052870","1056530"," en présence d'un cancer thyroïdien ou lorsqu "
"1056530","1059970","'on suspecte, par exemple, une surcharge en myode."
"1061750","1064670"," Alors, on va commencer par l'exploration statique. "
"1146940","1149760"," Le premier examen à demander, donc, c'est"
"1149760","1153880"," le dosage de la TSH, TSH ultrasensible."
"1154060","1154280"," Pourquoi?"
"1154480","1157220"," Parce que les techniques qui existent actuellement, qui"
"1157220","1161040"," appartiennent à la troisième génération, sont très sensibles,"
"1161460","1164060"," c'est-à-dire capables de détecter des"
"1164880","1169040"," concentrations très basses et qui sont donc utiles"
"1169040","1175060"," pour dépister des hyperthyroïdies lorsqu'il y a"
"1175060","1176800"," une diminution de la TSH."
"1177460","1179860"," L'utilité de la TSH, c'est de"
"1179860","1184580"," pouvoir dépister, diagnostiquer et également surveiller le traitement"
"1184580","1185820"," en cas de dysthyroïdie. "
"1186380","1189380"," Donc, pour le dépistage, ça se fait chez"
"1189380","1193220"," le nouveau-né quand on suspecte une hypothyroïdie."
"1193900","1197040"," Dans certains pays, ce dépistage est systématique chez"
"1197040","1197680"," le nouveau-né."
"1198360","1200500"," On peut le faire également chez les sujets"
"1200500","1205780"," âgés hospitalisés, chez les sujets qui sont soumis"
"1205780","1208420"," à des traitements qui sont riches en iodes"
"1208420","1211680"," et qui sont susceptibles d'entraîner des perturbations"
"1211680","1216240"," de la fonction de la thyroïde, comme par"
"1216240","1219680"," exemple la myodarone, le lithium et les cytokines,"
"1220160","1223300"," ou bien après traitement par iodes radioactifs. "
"1223860","1228300"," On peut également utiliser ce dépistage chez les"
"1228300","1230220"," porteurs d'anticorps antithyroïdiens."
"1230360","1233100"," Chez la population générale, il existe à peu"
"1233100","1236720"," près 10% qui ont des anticorps dirigés"
"1236720","1239960"," contre la thyroïde et qui sont un petit"
"1239960","1243720"," peu élevés et qui sont susceptibles d'entraîner"
"1243720","1246040"," par la suite des dysthyroïdies."
"1246920","1249580"," On peut également faire le dépistage avant et"
"1249580","1252220"," pendant la grossesse chez les femmes à risque. "
"1253600","1258840"," Le diagnostic de dysthyroïdies à travers le dosage"
"1258840","1262980"," de la TSH va affirmer la présence, en"
"1262980","1266640"," présence de goitres ou de nodules, une e "
"1266640","1272060","-thyroïdie ou bien confirmer une hypo- ou"
"1272060","1273280"," une hyperthyroïdie."
"1274340","1277040"," Le dosage de la TSH est utilisé pour"
"1277040","1281160"," la surveillance des traitements, pour adapter la dose"
"1281160","1283460"," de la levotiroxine dans le traitement de l "
"1283460","1287340","'hypo-thyroïdie primitive au-delà de la sixième"
"1287340","1290120"," semaine, c'est-à-dire après installation du"
"1290120","1293820"," traitement, il faut attendre six semaines avant de"
"1293820","1296800"," faire le dosage de la TSH parce que"
"1296800","1299760"," c'est le délai à partir duquel la"
"1299760","1303460"," TSH va répondre à la variation de la"
"1303460","1303960"," T4."
"1306020","1309600"," Également pour adapter le traitement par les antithyroïdiens"
"1309600","1311390"," de synthèse en cas d'hyperthyroïdie. "
"1312980","1315420"," Pour faire le dosage de la TSH, on"
"1315420","1317800"," va faire un prélèvement sanguin sur tube sec"
"1317800","1321260"," ou épariné et la technique utilisée, c'est"
"1321260","1326960"," généralement des techniques immunochimiques de type sandwich dont"
"1326960","1330900"," le principe est illustré sur ce schéma."
"1331600","1335500"," On va faire diriger des anticorps contre un"
"1335500","1337640"," domaine spécifique de la TSH."
"1338620","1344520"," Ces anticorps vont fixer la TSH de l "
"1344520","1346320","'échantillon biologique. "
"1346760","1351900"," Après incubation, on va ajouter un deuxième anticorps"
"1351900","1354900"," dirigé contre un autre domaine de la molécule"
"1354900","1360180"," de la TSH et après un lavage, ces"
"1360180","1364600"," anticorps, bien sûr, sont marqués ici par un"
"1364600","1366600"," marqueur enzymatique."
"1367880","1370960"," Anticorps plus marqueur va être appelé conjugué."
"1371660","1374440"," Après incubation, on va faire un lavage pour"
"1374440","1377540"," éliminer l'excès du conjugué et la réaction"
"1377540","1378960"," va être révélée. "
"1379280","1383640"," La réaction de fixation sur la TSH déjà"
"1383640","1386300"," fixée par les premiers anticorps va être révélée"
"1386300","1387440"," par l'ajout du substrat."
"1387440","1394120"," Cela va donner un produit coloré dont l "
"1394120","1397240","'intensité de coloration sera proportionnelle à la concentration"
"1397240","1398420"," en TSH."
"1399760","1408000"," Comme la TSH est prise entre deux anticorps,"
"1408680","1410640"," c'est pourquoi on va appeler cette technique"
"1410640","1411920"," technique sandwich. "
"1412240","1414960"," Les valeurs de référence sont de 0,1"
"1414960","1418740"," à 4,2 milliunités internationales par litre, sachant"
"1418740","1420720"," qu'il y a quelques variations physiologiques."
"1420840","1423200"," Par exemple, on va noter une élévation de"
"1423200","1425240"," la TSH à la naissance ou avec l "
"1425240","1428540","'effort physique comme on va remarquer une diminution"
"1428540","1431240"," de la concentration de la TSH pendant la"
"1431240","1432660"," grossesse."
"1435830","1438910"," Deuxième type de dosage que l'on peut"
"1438910","1442730"," effectuer pour explorer la fonction de la thyroïde,"
"1442890","1446950"," c'est les hormones thyroïdiennes, la T4 ou"
"1446950","1449390"," la T3, mais on va s'intéresser surtout"
"1449390","1450530"," à leur fraction libre. "
"1451290","1453570"," Comme technique on va utiliser cette fois-ci"
"1453570","1455690"," les techniques immunochimiques par compétition."
"1456010","1456310"," Pourquoi?"
"1456610","1459370"," Parce que ce sont des petites molécules pour"
"1459370","1461730"," lesquelles on ne peut pas fabriquer deux sortes"
"1461730","1463230"," d'anticorps."
"1463370","1467170"," Donc on va faire incuber l'échantillon biologique"
"1467170","1470970"," avec ces anticorps dirigés contre par exemple la"
"1470970","1475030"," T4 libre en même temps qu'une même"
"1475030","1477870"," molécule de T4 cette fois-ci apportée par"
"1477870","1480450"," le réactif et qui est marquée par un"
"1480450","1481830"," traceur, ici une enzyme. "
"1482650","1487110"," Donc après une incubation, on va révéler la"
"1487110","1491170"," réaction de fixation de la T4 sur les"
"1491170","1494310"," anticorps par l'ajout d'un substrat qui"
"1494310","1498990"," va réagir avec l'enzyme en présence et"
"1498990","1503390"," va donner une essence, un produit dont la"
"1503390","1507050"," coloration serait cette fois-ci inversement proportionnelle à"
"1507050","1509570"," la concentration en T4 libre ou en T3"
"1509570","1509890"," libre."
"1510470","1512610"," Donc pourquoi inversement proportionnelle?"
"1512750","1516470"," Parce que plus il y a de T4"
"1516470","1522130"," libre qui est fixée, la T4 libre de"
"1522130","1524650"," l'échantillon qui est fixée, moins il y"
"1524650","1529390"," aura de conjugué qui est fixé et vice"
"1529390","1529770"," versa."
"1530950","1533950"," Donc c'est pourquoi c'est inversement proportionnel"
"1533950","1537850"," à la concentration de la T3 libre ou"
"1537850","1540750"," la T4 libre qui sont présentes. "
"1542270","1545010"," Les valeurs de référence pour la T4 libre"
"1545010","1547330"," c'est 11 à 21 picomoles par litre"
"1547330","1550450"," pour la T3 libre c'est 3,5"
"1550450","1552570"," à 6,1 picomoles par litre."
"1553230","1555670"," Donc il y a également des variations physiologiques"
"1555670","1559190"," à savoir que la T4 et la T3"
"1559190","1561190"," vont être augmentées chez le nouveau-né."
"1561990","1564830"," Pendant la grossesse on va noter une diminution"
"1564830","1568530"," de la T4 libre par augmentation de la"
"1568530","1572010"," thyroxine binding globuline et donc il va y"
"1572010","1576090"," avoir une augmentation de la fraction liée de"
"1576090","1576810"," la molécule. "
"1580690","1582970"," Donc une chose importante à retenir c'est"
"1582970","1585690"," que la détermination de la TSH est une"
"1585690","1587190"," seule hormone thyroïdienne."
"1588350","1590510"," Le plus souvent on va utiliser la T4"
"1590510","1592550"," libre parce que c'est elle qui va"
"1592550","1595230"," renseigner sur l'activité de la glande."
"1597030","1600370"," Cette détermination de TSH de T4 est suffisante"
"1600370","1603170"," pour classer le patient dans 95% des"
"1603170","1604990"," cas en ne thyroïdien c'est-à-dire"
"1604990","1608650"," dans ce cas la TSH et la FT4"
"1608650","1610010"," sont normales. "
"1610170","1612950"," En hyperthyroïdien dans ce cas la TSH va"
"1612950","1616110"," être basse avec une FT4 qui est élevée"
"1616110","1620350"," ou hypothyroïdien et cette fois-ci la TSH"
"1620350","1623950"," va être augmentée avec une FT4 qui est"
"1624790","1625490"," basse."
"1625990","1628990"," Les anticorps anti-thyroïdien sont des immunoglobulines de"
"1628990","1634390"," type IgG qui sont synthétisées par l'organisme"
"1634390","1641050"," et qui vont entraîner une destruction voire empêcher"
"1641050","1645490"," la thyroïde de fonctionner correctement et sont de"
"1645490","1646090"," trois types."
"1646310","1648730"," Il y a les anticorps anti-peroxydase les"
"1648730","1652290"," anticorps anti-thyroglobuline et les anticorps anti-récepteurs"
"1652290","1653490"," de la TSH. "
"1654190","1656510"," Ces anticorps devront être indiqués dans le diagnostic"
"1656510","1658590"," et la surveillance des maladies auto-immunes de"
"1658590","1659270"," la thyroïde."
"1662570","1665850"," Les anticorps anti-peroxydase inhibent l'activité de"
"1665850","1673190"," la thyroperoxydase et seraient cytotoxiques."
"1673450","1676090"," Ce sont des anticorps qui sont indiqués dans"
"1676090","1678650"," le diagnostic de la thyroïde de Hashimoto dans"
"1678650","1681110"," laquelle on peut avoir au début une e "
"1681110","1684550","-thyroïdie et à la longue une hypothyroïdie et"
"1684550","1687550"," ils sont présents également dans la maladie de"
"1687550","1692650"," Waddeau qui est caractérisé surtout par une hyperthyroïdie"
"1695710","1699850"," Les anticorps anti-thyroglobuline sont présents également dans"
"1699850","1701870"," la thyroïdie de Hashimoto et dans la maladie"
"1701870","1703810"," de Waddeau, mais on ne va pas les"
"1703810","1705890"," utiliser on ne va pas les prescrire dans"
"1705890","1708730"," le diagnostic de ces deux pathologies. "
"1708970","1712310"," On va plutôt utiliser les anticorps anti-thyroglobuline"
"1712310","1715230"," pour valider le dosage de la thyroglobuline lors"
"1715230","1717830"," du suivi des cancers différenciés de la thyroïde."
"1718450","1722110"," Donc s'ils sont présents avec des concentrations"
"1722110","1724770"," au-delà de la normale, on ne va"
"1724770","1729990"," pas pouvoir interpréter la diminution de la concentration"
"1729990","1731550"," de la thyroglobuline."
"1732410","1736170"," Les anticorps anti-thyroglobuline sont également un facteur"
"1736170","1739690"," pronostic de réponse au traitement de ces cancers"
"1739690","1741050"," différenciés de la thyroïde. "
"1741730","1745330"," Donc on doit détecter une nette diminution de"
"1745330","1749210"," leur concentration après une éventuelle élévation."
"1750830","1754550"," Les anticorps antirécepteurs de la TSH sont des"
"1754550","1758990"," anticorps hétérogènes puisqu'on va avoir des anticorps"
"1758990","1761330"," stimulants qui vont mimer l'action de la"
"1761330","1764030"," TSH ou bien des anticorps bloquants qui vont"
"1764030","1767490"," jouer un rôle antagoniste vis-à-vis de"
"1767490","1768510"," l'action de la TSH."
"1769490","1772190"," Ce sont surtout des marqueurs de diagnostic et"
"1772190","1775950"," de suivi des thyroïdes fœtales et également des"
"1775950","1779230"," marqueurs de diagnostic et de suivi de la"
"1779230","1780230"," maladie de base d'œuvre. "
"1781770","1785430"," D'autres paramètres peuvent être utilisés comme des"
"1785430","1788310"," marqueurs de cancers de la thyroïde comme la"
"1788310","1792870"," thyroglobuline dont le dosage s'effectue sur du"
"1792870","1795530"," sang recueilli sur tube sec ou épargné."
"1796110","1798250"," On va utiliser pour le dosage des techniques"
"1798250","1802130"," immunochimiques de type sandwich puisque la molécule est"
"1802130","1806670"," de nature protéique avec plusieurs variantes en fonction"
"1806670","1811290"," des traceurs ou des marqueurs de ces techniques."
"1811990","1816510"," Les valeurs de référence varient entre 3 et"
"1816510","1818770"," 40 nanogrammes par millilitre. "
"1820170","1823450"," Une précision c'est que de 0,5"
"1823450","1826410"," à 1 nanogramme par millilitre de thyroglobuline sérique"
"1826410","1830230"," correspond à 1 gramme de tissu thyroïdien ce"
"1830230","1836890"," qui permet de quantifier la masse de tissu"
"1836890","1838610"," fonctionnel de la thyroïde."
"1839150","1840610"," Sa demi-vie est de l'ordre de"
"1840610","1845450"," 65 heures et c'est une protéine qui"
"1845450","1848850"," est non influencée par la palpation par contre"
"1848850","1853110"," sa concentration augmente lors de la ponction à"
"1853110","1855890"," l'aiguille fine et également elle est plus"
"1855890","1857790"," élevée chez la femme enceinte."
"1859450","1862790"," Elle augmente également avec la masse fonctionnelle avec"
"1862790","1866390"," l'inflammation et le degré de stimulation du"
"1866390","1869310"," récepteur de la TSH c'est-à-dire"
"1869310","1874090"," plus il y a une stimulation de la"
"1874090","1876910"," thyroïde plus il va y avoir une synthèse"
"1876910","1879290"," plus importante de la thyroglobuline. "
"1879290","1883690"," C'est pourquoi lorsqu'on fait le dosage"
"1883690","1887190"," de la thyroglobuline il faut nécessairement faire également"
"1887190","1889010"," le dosage de la TSH."
"1889830","1893170"," La thyroglobuline est indiquée surtout dans la surveillance"
"1893170","1898930"," des cancers différenciés thyroïdien parce que elle doit"
"1898930","1903270"," être indétectable après traitement de ces cancers et"
"1903270","1905050"," le fait qu'il y ait une élévation"
"1905050","1909170"," de la thyroglobuline après traitement ça fait suspecter"
"1909170","1912090"," une rechute ou une récidive de ces cancers"
"1912090","1913630"," différenciés de la thyroïde."
"1914430","1917690"," Elle peut être également utilisée pour faire une"
"1917690","1922410"," enquête idéologique des hypothyroïdes congénitales pour détecter est "
"1922410","1925110","-ce qu'il y a vraiment un tissu"
"1925110","1929330"," thyroïdien ou pas et également pour le dépistage"
"1929330","1942850"," des thyro-toxicoses d'origine médicamenteuse Au"
"1942850","1946570"," total, quand on suspecte une dysthyroïdie l'examen"
"1946570","1949150"," de première intention c'est le dosage de"
"1949150","1950010"," la TSH. "
"1950850","1953870"," Lorsque la TSH est normale, on va plutôt"
"1953870","1955990"," dire qu'on est en présence d'une"
"1955990","1958910"," euthyroïdie biologique donc il n'y a pas"
"1958910","1960790"," lieu de faire d'autres tests."
"1961410","1963610"," Lorsqu'elle est abaissée, on est en présence"
"1963610","1968270"," d'une hyperthyroïdie et lorsqu'elle est augmentée,"
"1968450","1971450"," on est probablement en présence d'une hypothyroïdie."
"1972170","1975350"," Dans ces deux cas-là, il faut faire"
"1975350","1980010"," en deuxième intention le dosage surtout de la"
"1980010","1981870"," T4 libre. "
"1982450","1987890"," Dans certaines hyperthyroïdies, on peut faire le dosage"
"1987890","1991550"," de la T3 libre si la T4 s "
"1991550","1992250","'avère normale."
"1993010","1995170"," Également en cas d'hypothyroïdie, on va se"
"1995170","1998430"," contenter de faire le plus souvent le dosage"
"1998430","1999650"," de la T4 libre."
"2001070","2005050"," Ça sert donc à spécifier est-ce que"
"2005050","2008490"," l'hyperthyroïdie ou l'hypothyroïdie sont d'origine"
"2008490","2010670"," périphérique ou centrale. "
"2012110","2015830"," On peut ensuite, dans un but de diagnostic"
"2015830","2020050"," éthiologique, faire le dosage des anticorps anti-thyroïdiens."
"2020690","2025210"," Les anticorps anti-TPO quand on est en"
"2025210","2028750"," présence d'une hypothyroïdie pour le diagnostic de"
"2028750","2031530"," la maladie d'Hashimoto et lorsqu'on est"
"2031530","2033930"," en présence d'une hyperthyroïdie, on va demander"
"2033930","2037630"," plutôt le dosage des anticorps anti-TPO, des"
"2037630","2041310"," anticorps anti-récepteurs de la TSH pour le"
"2041310","2044090"," diagnostic de la maladie de Bastogne."
"2045810","2048730"," À côté de l'ensemble des tests spécifiques"
"2048730","2051830"," que l'on vient de voir pour le"
"2051830","2054730"," dépistage, le diagnostic et la surveillance du traitement"
"2054730","2058310"," des dysthéroïdies, d'autres paramètres biologiques peuvent être"
"2058310","2062150"," perturbés lors de ces dysthéroïdies et parfois, elles"
"2062150","2065790"," vont servir d'examen d'orientation et c "
"2065790","2070750","'est leur présence qui va nous faire penser"
"2070750","2073370"," ou nous orienter vers la présence d'une"
"2073370","2074570"," dysthéroïdie. "
"2074810","2078389"," Je vous ai résumé ici les principaux tests"
"2078389","2081409"," qui sont perturbés lors d'une hyperthyroïdie et"
"2081409","2083570"," également lors d'une hypothyroïde."
"2084949","2088330"," Pour l'exploration dynamique de la grande thyroïde,"
"2089750","2091750"," il y a un seul test qui existe"
"2091750","2093810"," encore, c'est le test à la TRH,"
"2094130","2096650"," mais qui est de plus en plus abandonné"
"2096650","2099470"," depuis l'avènement de la TSH de troisième"
"2099470","2100230"," génération."
"2101830","2105190"," Ce test est indiqué surtout pour le diagnostic"
"2105190","2107970"," et théologique d'une dysthéroïdie. "
"2108670","2111210"," C'est surtout pour déterminer si elle est"
"2111210","2114450"," d'origine périphérique ou d'origine centrale lorsque"
"2114450","2117390"," les tests statiques ne sont pas déterminants."
"2118830","2121690"," Ça se pratique chez un sujet âgé au"
"2121690","2123230"," repos depuis 30 minutes."
"2123930","2127470"," On va injecter à la personne 200 microgrammes"
"2127470","2131330"," de TRH qui est le facteur hypothalamique et"
"2131330","2135110"," on va effectuer des prélèvements sanguins à 30"
"2135110","2137730"," minutes après et 60 minutes après pour le"
"2137730","2139130"," dosage de TSH. "
"2140010","2142130"," Comment on va interpréter les résultats?"
"2142310","2144130"," Lorsqu'il y a une élévation de la"
"2144130","2147570"," TSH, on va conclure à une réponse positive"
"2147570","2149490"," et dans ce cas, on est en présence"
"2149490","2152370"," d'une hypothyroïde d'origine périphérique, c'est "
"2152370","2156810","-à-dire que le dysfonctionnement se trouve au"
"2156810","2158730"," niveau de la grande thyroïde et non pas"
"2158730","2161430"," au niveau d'un étage central."
"2162310","2164570"," Lorsque la réponse est négative, il y a"
"2164570","2168190"," absence d'élévation de la TSH, on va"
"2168190","2172950"," plutôt conclure à une insuffisance hypophysaire totale."
"2175120","2178460"," Dans une troisième partie de ce chapitre, on"
"2178460","2180360"," va étudier les pathologies thyroïdiennes. "
"2180820","2182080"," On va les voir d'un point de"
"2182080","2184980"," vue syndrome biologique, c'est-à-dire hypothyroïdés"
"2184980","2186460"," et hyperthyroïdés."
"2186980","2190160"," On touchera un mot sur les cancers thyroïdiens"
"2190160","2194120"," puisque leur suivi nécessite surtout le recours à"
"2194120","2196160"," des paramètres biologiques."
"2199240","2203980"," L'hypothyroïdie peut avoir plusieurs étiologies primaires comme"
"2203980","2206120"," la destruction de la grande thyroïde par une"
"2206120","2208700"," maladie auto-immune, comme c'est le cas"
"2208700","2211020"," de la maladie de Hashimoto ou la thyroïdite"
"2211020","2215080"," de Hashimoto, un traitement chirurgical ou radiothérapique d "
"2215080","2218560","'une hyperthyroïdie qui va entraîner une destruction de"
"2218560","2221960"," la grande thyroïde ou la prise de médicaments"
"2221960","2224160"," comme le carbonate de lithium. "
"2226260","2230200"," L'hypothyroïde peut être secondaire à un déficit"
"2230200","2235100"," hypothalamique, donc un déficit en facteur TRH ou"
"2235100","2238780"," hypophysaire et peut être secondaire à un apport"
"2238780","2242200"," insuffisant en iodes ou bien à des pathologies"
"2242200","2244680"," non thyroïdiennes, comme on l'a vu dans"
"2244680","2247840"," les pièges d'interprétation du bilan thyroïdien."
"2250550","2252830"," De point de vue synclinique, comme il y"
"2252830","2255690"," a un déficit dans la sécrétion des hormones"
"2255690","2258330"," thyroïdiennes, il va y avoir un ralentissement général"
"2258330","2261370"," de l'activité métabolique, la présence d'une"
"2261370","2264630"," frilosité, une prise de poids, une fatigabilité, une"
"2264630","2269930"," somnolence, une constipation, un bradycardie, un ralentissement des"
"2269930","2273170"," réflexes et de l'activité mentale avec la"
"2273170","2277350"," présence d'un faux œdème, donc mixe d "
"2277350","2279350","'œdème avec un aspect bouffé de la face,"
"2279990","2281690"," des mains et des pieds."
"2284430","2286810"," Donc sur le plan biologique, l'hypothyroïdie est"
"2286810","2288730"," dite primaire lorsqu'il y a une élévation"
"2288730","2291130"," de la TSH et une diminution de la"
"2291130","2294110"," T4 libre, voire de la T3 libre. "
"2294710","2296250"," Elle est dite secondaire lorsqu'il y a"
"2296250","2298370"," une diminution et de la TSH et de"
"2298370","2299410"," la T4 libre."
"2300590","2302670"," Donc le traitement, il est à base d "
"2302670","2307990","'un médicament substitutif par la L-thyroxine, donc"
"2307990","2311010"," c'est un médicament qui est synthétique et"
"2311010","2315230"," qui correspond à la T4, la formule de"
"2315230","2315710"," T4."
"2316610","2318690"," Donc la surveillance du traitement va se faire"
"2318690","2320630"," via le dosage de la TSH. "
"2323730","2325750"," Donc là, cette photo montre un petit peu"
"2325750","2330830"," les signes cliniques, ce visage bouffé chez cette"
"2330830","2333890"," dame qui présente une hypothyroïdie et vous remarquez"
"2333890","2337270"," la différence avant et après le traitement avec"
"2337270","2341110"," la disparition de ce mixe d'hommes."
"2347290","2351230"," Donc l'hypothyroïdie ou la thyro-toxicose, la"
"2351230","2353490"," prévalence est de 1% de la population"
"2353490","2355850"," avec une prédominance féminine."
"2356490","2358750"," Les étiologies de l'hypothyroïdie, c'est la"
"2358750","2361110"," maladie de base 2 en premier lieu, qui"
"2361110","2364650"," est une affection auto-immune, le gout des"
"2364650","2368770"," 4 modulaires toxiques, la dénorme toxique ou bien"
"2368770","2371610"," l'administration excessive d'iodes, donc ce qu "
"2371610","2375730","'on appelle l'hypothyroïdie iatrogène ou une prise"
"2375730","2378910"," factice de l'hormone T4. "
"2379210","2384570"," Donc dans un but de d'amégrissement chez"
"2384570","2388170"," certaines personnes qui vont prendre la T4 dans"
"2388170","2388550"," ce but."
"2389710","2396650"," Donc cliniquement, l'hypothyroïdie peut se présenter avec"
"2396650","2403890"," un gout, parfois dans certains cas, on peut"
"2403890","2406370"," avoir une perte de poids, une augmentation de"
"2406370","2411170"," la fréquence cardiaque, une contraction cardiaque augmentée, une"
"2411170","2420030"," irritabilité, hypersudiation, diarrhée ou accélération de transit, une"
"2420030","2423030"," exophthalmie secondaire et une rétraction palpébrale."
"2426000","2428260"," Donc là, la présence d'un gout qui"
"2428260","2431740"," peut être significatif d'une hypothyroïdie comme d "
"2431740","2433320","'une hypothyroïdie. "
"2434400","2438340"," Donc là, la présence d'une rétraction oculopalpébrale,"
"2438480","2441700"," exophthalmie chez une patiente atteinte de maladie de"
"2441700","2441960"," base 2."
"2443520","2446200"," Donc les signes biologiques, il va y avoir"
"2446200","2450140"," une diminution de la TSH, une élévation de"
"2450140","2452680"," la T4 libre, voire de la T3 également."
"2453560","2456400"," Et le traitement, il est basé surtout sur"
"2456400","2461160"," les antithyroïdiennes de synthèse ou une erathérapie, c "
"2461160","2464600","'est-à-dire l'iode radioactif ou bien"
"2464600","2468720"," une ablation de la glande thyroïde et la"
"2468720","2472400"," surveillance du traitement va se faire par la"
"2472400","2475660"," TSH, parfois on peut également demander la FT4."
"2478750","2481190"," Pour les cancers thyroïdiens, il faut savoir que"
"2481190","2483830"," ils sont très rares, moins de 1%"
"2483830","2488490"," des cancers et les cancers différenciés de la"
"2488490","2492250"," thyroïde, il y a les cancers papillaire et"
"2492250","2496450"," vésiculaire, ils sont hormonodépendants, donc accessibles au traitement"
"2496450","2501530"," par l'iode 131, donc le marqueur biologique"
"2501530","2503330"," est surtout la thyroglobuline. "
"2505710","2508930"," Et généralement, ils sont de bons pronostics."
"2511420","2513700"," Le cancer midulaire de la thyroïde, il se"
"2513700","2516020"," développe au dépend des cellules sécrétrices de la"
"2516020","2522200"," calcitonine, qui sont des cellules folliculaires, son pronostic"
"2522200","2524900"," est plus sévère que celui des cancers différenciés."
"2525380","2527220"," Le marqueur de diagnostic et de suivi est"
"2527220","2528240"," la calcitonine. "
"2528500","2531340"," Il peut s'associer à d'autres endocrinopathies,"
"2531920","2534960"," ce qu'on appelle les myoplasies endocriniennes multiples."
"2537740","2541020"," Donc, en conclusion, les dysthyroïdes sont des pathologies"
"2541020","2544200"," endocriniennes les plus fréquentes, qui sont faciles à"
"2544200","2545040"," diagnostiquer."
"2545880","2550020"," Ce diagnostic est basé surtout sur la demande"
"2550020","2550900"," d'une TSH. "
"2551280","2555540"," Parfois, on peut faire compléter par le dosage"
"2555540","2559400"," de la T4 libre et dans certaines situations,"
"2559600","2561860"," faire le dosage de la T3 libre."
"2562380","2564600"," Le bilan éthiologique est basé surtout sur la"
"2564600","2566900"," demande des auto-anticorps."
"2567120","2571540"," Le bilan des cancers thyroïdiens est basé surtout"
"2571540","2575420"," sur l'utilisation de la thyroglobuline pour le"
"2575420","2580020"," suivi des cancers différenciés de la thyroïde. "
"2580640","2584160"," Donc, la calcitonine pour le diagnostic et la"
"2584160","2587080"," surveillance des cancers midulaires de la thyroïde et"
"2587080","2589760"," la surveillance biologique des traitements, c'est surtout"
"2589760","2592700"," à base de TSH pour les hypothyroïdes."
"2593240","2595400"," Les hormones libres, plus ou moins la TSH"
"2595400","2598960"," pour les hyperthyroïdes et il faut surtout faire"
"2598960","2601640"," attention aux pièges lors de l'interprétation de"
"2601640","2602620"," bilans biologiques. "
